{
  "count": 277,
  "max": 119.91,
  "mean": 85.319422,
  "median": 86.99,
  "min": 50.02,
  "stddev": 19.97441
}
